<?xml version="1.0" encoding="UTF-8"?>
<!-- Created with TexturePacker http://www.codeandweb.com/texturepacker-->
<!-- $TexturePacker:SmartUpdate:f1588b103523904a999e34a8ff18be6e:7b4689c76a4da8c347a475d58b2c1843:4559a01d8f39624997c87443f5f296e6$ -->
<TextureAtlas imagePath="CivMale.png">
    <SubTexture name="CharCivMale06N0001" x="2" y="2" width="16" height="31" frameX="-1" frameY="-2" frameWidth="18" frameHeight="35"/>
    <SubTexture name="CharCivMale06N0002" x="20" y="2" width="16" height="31" frameX="-1" frameY="-2" frameWidth="18" frameHeight="35"/>
    <SubTexture name="CharCivMale06N0003" x="2" y="2" width="16" height="31" frameX="-1" frameY="-2" frameWidth="18" frameHeight="35"/>
    <SubTexture name="CharCivMale06N0004" x="20" y="2" width="16" height="31" frameX="-1" frameY="-2" frameWidth="18" frameHeight="35"/>
    <SubTexture name="CharCivMale06N0005" x="2" y="2" width="16" height="31" frameX="-1" frameY="-2" frameWidth="18" frameHeight="35"/>
    <SubTexture name="CharCivMale06N0006" x="38" y="2" width="16" height="33" frameX="-1" frameY="0" frameWidth="18" frameHeight="35"/>
    <SubTexture name="CharCivMale06N0007" x="2" y="2" width="16" height="31" frameX="-1" frameY="-2" frameWidth="18" frameHeight="35"/>
    <SubTexture name="CharCivMale06N0008" x="56" y="2" width="16" height="33" frameX="-1" frameY="0" frameWidth="18" frameHeight="35"/>
    <SubTexture name="CharCivMale06N0009" x="74" y="2" width="16" height="31" frameX="-1" frameY="-2" frameWidth="18" frameHeight="35"/>
    <SubTexture name="CharCivMale06N0010" x="92" y="2" width="16" height="33" frameX="-1" frameY="0" frameWidth="18" frameHeight="35"/>
    <SubTexture name="CharCivMale06N0011" x="74" y="2" width="16" height="31" frameX="-1" frameY="-2" frameWidth="18" frameHeight="35"/>
    <SubTexture name="CharCivMale06N0012" x="110" y="2" width="16" height="33" frameX="-1" frameY="0" frameWidth="18" frameHeight="35"/>
    <SubTexture name="CharCivMale06N0013" x="128" y="2" width="16" height="31" frameX="-1" frameY="-2" frameWidth="18" frameHeight="35"/>
    <SubTexture name="CharCivMale06N0014" x="146" y="2" width="16" height="33" frameX="-1" frameY="0" frameWidth="18" frameHeight="35"/>
    <SubTexture name="CharCivMale06N0015" x="128" y="2" width="16" height="31" frameX="-1" frameY="-2" frameWidth="18" frameHeight="35"/>
    <SubTexture name="CharCivMale06N0016" x="164" y="2" width="16" height="33" frameX="-1" frameY="0" frameWidth="18" frameHeight="35"/>
    <SubTexture name="CharCivMale06N0017" x="182" y="2" width="16" height="31" frameX="-1" frameY="-2" frameWidth="18" frameHeight="35"/>
    <SubTexture name="CharCivMale06N0018" x="200" y="2" width="16" height="33" frameX="-1" frameY="0" frameWidth="18" frameHeight="35"/>
    <SubTexture name="CharCivMale06N0019" x="218" y="2" width="16" height="29" frameX="-1" frameY="-4" frameWidth="18" frameHeight="35"/>
    <SubTexture name="CharCivMale06N0020" x="236" y="2" width="16" height="31" frameX="-1" frameY="-2" frameWidth="18" frameHeight="35"/>
    <SubTexture name="CharCivMale06N0021" x="74" y="2" width="16" height="31" frameX="-1" frameY="-2" frameWidth="18" frameHeight="35"/>
    <SubTexture name="CharCivMale06N0022" x="2" y="37" width="16" height="31" frameX="-1" frameY="-2" frameWidth="18" frameHeight="35"/>
    <SubTexture name="CharCivMale06N0023" x="74" y="2" width="16" height="31" frameX="-1" frameY="-2" frameWidth="18" frameHeight="35"/>
    <SubTexture name="CharCivMale06N0024" x="74" y="2" width="16" height="31" frameX="-1" frameY="-2" frameWidth="18" frameHeight="35"/>
    <SubTexture name="CharCivMale06N0025" x="20" y="37" width="16" height="29" frameX="-1" frameY="-4" frameWidth="18" frameHeight="35"/>
    <SubTexture name="CharCivMale06N0026" x="38" y="37" width="16" height="27" frameX="-1" frameY="-6" frameWidth="18" frameHeight="35"/>
    <SubTexture name="CharCivMale06N0027" x="56" y="37" width="18" height="23" frameX="0" frameY="-10" frameWidth="18" frameHeight="35"/>
    <SubTexture name="CharCivMale06N0028" x="76" y="37" width="18" height="23" frameX="0" frameY="-12" frameWidth="18" frameHeight="35"/>
    <SubTexture name="CharCivMale06S0001" x="96" y="37" width="17" height="31" frameX="0" frameY="-2" frameWidth="19" frameHeight="49"/>
    <SubTexture name="CharCivMale06S0002" x="115" y="37" width="17" height="31" frameX="0" frameY="-2" frameWidth="19" frameHeight="49"/>
    <SubTexture name="CharCivMale06S0003" x="96" y="37" width="17" height="31" frameX="0" frameY="-2" frameWidth="19" frameHeight="49"/>
    <SubTexture name="CharCivMale06S0004" x="115" y="37" width="17" height="31" frameX="0" frameY="-2" frameWidth="19" frameHeight="49"/>
    <SubTexture name="CharCivMale06S0005" x="96" y="37" width="17" height="31" frameX="0" frameY="-2" frameWidth="19" frameHeight="49"/>
    <SubTexture name="CharCivMale06S0006" x="134" y="37" width="17" height="33" frameX="0" frameY="0" frameWidth="19" frameHeight="49"/>
    <SubTexture name="CharCivMale06S0007" x="96" y="37" width="17" height="31" frameX="0" frameY="-2" frameWidth="19" frameHeight="49"/>
    <SubTexture name="CharCivMale06S0008" x="153" y="37" width="17" height="33" frameX="0" frameY="0" frameWidth="19" frameHeight="49"/>
    <SubTexture name="CharCivMale06S0009" x="172" y="37" width="17" height="31" frameX="0" frameY="-2" frameWidth="19" frameHeight="49"/>
    <SubTexture name="CharCivMale06S0010" x="191" y="37" width="17" height="33" frameX="0" frameY="0" frameWidth="19" frameHeight="49"/>
    <SubTexture name="CharCivMale06S0011" x="172" y="37" width="17" height="31" frameX="0" frameY="-2" frameWidth="19" frameHeight="49"/>
    <SubTexture name="CharCivMale06S0012" x="210" y="37" width="17" height="33" frameX="0" frameY="0" frameWidth="19" frameHeight="49"/>
    <SubTexture name="CharCivMale06S0013" x="229" y="37" width="17" height="31" frameX="0" frameY="-2" frameWidth="19" frameHeight="49"/>
    <SubTexture name="CharCivMale06S0014" x="2" y="72" width="17" height="33" frameX="0" frameY="0" frameWidth="19" frameHeight="49"/>
    <SubTexture name="CharCivMale06S0015" x="229" y="37" width="17" height="31" frameX="0" frameY="-2" frameWidth="19" frameHeight="49"/>
    <SubTexture name="CharCivMale06S0016" x="21" y="72" width="17" height="33" frameX="0" frameY="0" frameWidth="19" frameHeight="49"/>
    <SubTexture name="CharCivMale06S0017" x="40" y="72" width="17" height="31" frameX="0" frameY="-2" frameWidth="19" frameHeight="49"/>
    <SubTexture name="CharCivMale06S0018" x="59" y="72" width="17" height="33" frameX="0" frameY="0" frameWidth="19" frameHeight="49"/>
    <SubTexture name="CharCivMale06S0019" x="78" y="72" width="17" height="29" frameX="0" frameY="-4" frameWidth="19" frameHeight="49"/>
    <SubTexture name="CharCivMale06S0020" x="97" y="72" width="17" height="31" frameX="0" frameY="-2" frameWidth="19" frameHeight="49"/>
    <SubTexture name="CharCivMale06S0021" x="172" y="37" width="17" height="31" frameX="0" frameY="-2" frameWidth="19" frameHeight="49"/>
    <SubTexture name="CharCivMale06S0022" x="116" y="72" width="17" height="39" frameX="0" frameY="-1" frameWidth="19" frameHeight="49"/>
    <SubTexture name="CharCivMale06S0023" x="135" y="72" width="17" height="47" frameX="0" frameY="-2" frameWidth="19" frameHeight="49"/>
    <SubTexture name="CharCivMale06S0024" x="172" y="37" width="17" height="31" frameX="0" frameY="-2" frameWidth="19" frameHeight="49"/>
    <SubTexture name="CharCivMale06S0025" x="154" y="72" width="17" height="31" frameX="0" frameY="-2" frameWidth="19" frameHeight="49"/>
    <SubTexture name="CharCivMale06S0026" x="173" y="72" width="17" height="27" frameX="0" frameY="-6" frameWidth="19" frameHeight="49"/>
    <SubTexture name="CharCivMale06S0027" x="192" y="72" width="19" height="23" frameX="0" frameY="-10" frameWidth="19" frameHeight="49"/>
    <SubTexture name="CharCivMale06S0028" x="213" y="72" width="19" height="23" frameX="0" frameY="-12" frameWidth="19" frameHeight="49"/>
    <SubTexture name="CharCivMale06W0001" x="234" y="72" width="18" height="32" frameX="-24" frameY="-1" frameWidth="48" frameHeight="34"/>
    <SubTexture name="CharCivMale06W0002" x="2" y="121" width="18" height="30" frameX="-24" frameY="-3" frameWidth="48" frameHeight="34"/>
    <SubTexture name="CharCivMale06W0003" x="234" y="72" width="18" height="32" frameX="-24" frameY="-1" frameWidth="48" frameHeight="34"/>
    <SubTexture name="CharCivMale06W0004" x="2" y="121" width="18" height="30" frameX="-24" frameY="-3" frameWidth="48" frameHeight="34"/>
    <SubTexture name="CharCivMale06W0005" x="234" y="72" width="18" height="32" frameX="-24" frameY="-1" frameWidth="48" frameHeight="34"/>
    <SubTexture name="CharCivMale06W0006" x="22" y="121" width="18" height="34" frameX="-24" frameY="0" frameWidth="48" frameHeight="34"/>
    <SubTexture name="CharCivMale06W0007" x="234" y="72" width="18" height="32" frameX="-24" frameY="-1" frameWidth="48" frameHeight="34"/>
    <SubTexture name="CharCivMale06W0008" x="42" y="121" width="18" height="34" frameX="-24" frameY="0" frameWidth="48" frameHeight="34"/>
    <SubTexture name="CharCivMale06W0009" x="62" y="121" width="22" height="32" frameX="-20" frameY="-1" frameWidth="48" frameHeight="34"/>
    <SubTexture name="CharCivMale06W0010" x="86" y="121" width="22" height="32" frameX="-20" frameY="-1" frameWidth="48" frameHeight="34"/>
    <SubTexture name="CharCivMale06W0011" x="62" y="121" width="22" height="32" frameX="-20" frameY="-1" frameWidth="48" frameHeight="34"/>
    <SubTexture name="CharCivMale06W0012" x="110" y="121" width="22" height="32" frameX="-20" frameY="-1" frameWidth="48" frameHeight="34"/>
    <SubTexture name="CharCivMale06W0013" x="134" y="121" width="18" height="32" frameX="-24" frameY="-1" frameWidth="48" frameHeight="34"/>
    <SubTexture name="CharCivMale06W0014" x="154" y="121" width="18" height="34" frameX="-24" frameY="0" frameWidth="48" frameHeight="34"/>
    <SubTexture name="CharCivMale06W0015" x="134" y="121" width="18" height="32" frameX="-24" frameY="-1" frameWidth="48" frameHeight="34"/>
    <SubTexture name="CharCivMale06W0016" x="174" y="121" width="18" height="34" frameX="-24" frameY="0" frameWidth="48" frameHeight="34"/>
    <SubTexture name="CharCivMale06W0017" x="194" y="121" width="18" height="32" frameX="-25" frameY="-1" frameWidth="48" frameHeight="34"/>
    <SubTexture name="CharCivMale06W0018" x="214" y="121" width="18" height="34" frameX="-23" frameY="0" frameWidth="48" frameHeight="34"/>
    <SubTexture name="CharCivMale06W0019" x="234" y="121" width="18" height="30" frameX="-23" frameY="-3" frameWidth="48" frameHeight="34"/>
    <SubTexture name="CharCivMale06W0020" x="2" y="157" width="18" height="30" frameX="-24" frameY="-3" frameWidth="48" frameHeight="34"/>
    <SubTexture name="CharCivMale06W0021" x="62" y="121" width="22" height="32" frameX="-20" frameY="-1" frameWidth="48" frameHeight="34"/>
    <SubTexture name="CharCivMale06W0022" x="22" y="157" width="36" height="32" frameX="-8" frameY="-1" frameWidth="48" frameHeight="34"/>
    <SubTexture name="CharCivMale06W0023" x="60" y="157" width="42" height="32" frameX="0" frameY="-1" frameWidth="48" frameHeight="34"/>
    <SubTexture name="CharCivMale06W0024" x="62" y="121" width="22" height="32" frameX="-20" frameY="-1" frameWidth="48" frameHeight="34"/>
    <SubTexture name="CharCivMale06W0025" x="104" y="157" width="20" height="32" frameX="-25" frameY="-1" frameWidth="48" frameHeight="34"/>
    <SubTexture name="CharCivMale06W0026" x="126" y="157" width="18" height="30" frameX="-24" frameY="-3" frameWidth="48" frameHeight="34"/>
    <SubTexture name="CharCivMale06W0027" x="146" y="157" width="20" height="24" frameX="-24" frameY="-9" frameWidth="48" frameHeight="34"/>
    <SubTexture name="CharCivMale06W0028" x="168" y="157" width="26" height="18" frameX="-22" frameY="-16" frameWidth="48" frameHeight="34"/>
</TextureAtlas>
