<?xml version="1.0" encoding="UTF-8"?>
<!-- Created with TexturePacker http://www.codeandweb.com/texturepacker-->
<!-- $TexturePacker:SmartUpdate:b0a80bae21bad3f27ce800857b9a18c3:539526ebaf50428bb4e6edc7ee4bc871:c7bf675728fab064aa39c8a478a11db4$ -->
<TextureAtlas imagePath="Cops.png">
    <SubTexture name="CharCopsN0001" x="2" y="2" width="18" height="31" frameX="0" frameY="-2" frameWidth="18" frameHeight="35"/>
    <SubTexture name="CharCopsN0002" x="22" y="2" width="18" height="31" frameX="0" frameY="-2" frameWidth="18" frameHeight="35"/>
    <SubTexture name="CharCopsN0003" x="2" y="2" width="18" height="31" frameX="0" frameY="-2" frameWidth="18" frameHeight="35"/>
    <SubTexture name="CharCopsN0004" x="22" y="2" width="18" height="31" frameX="0" frameY="-2" frameWidth="18" frameHeight="35"/>
    <SubTexture name="CharCopsN0005" x="42" y="2" width="18" height="31" frameX="0" frameY="-2" frameWidth="18" frameHeight="35"/>
    <SubTexture name="CharCopsN0006" x="62" y="2" width="18" height="33" frameX="0" frameY="0" frameWidth="18" frameHeight="35"/>
    <SubTexture name="CharCopsN0007" x="42" y="2" width="18" height="31" frameX="0" frameY="-2" frameWidth="18" frameHeight="35"/>
    <SubTexture name="CharCopsN0008" x="82" y="2" width="18" height="33" frameX="0" frameY="0" frameWidth="18" frameHeight="35"/>
    <SubTexture name="CharCopsN0009" x="102" y="2" width="18" height="31" frameX="0" frameY="-2" frameWidth="18" frameHeight="35"/>
    <SubTexture name="CharCopsN0010" x="122" y="2" width="18" height="33" frameX="0" frameY="0" frameWidth="18" frameHeight="35"/>
    <SubTexture name="CharCopsN0011" x="102" y="2" width="18" height="31" frameX="0" frameY="-2" frameWidth="18" frameHeight="35"/>
    <SubTexture name="CharCopsN0012" x="142" y="2" width="18" height="33" frameX="0" frameY="0" frameWidth="18" frameHeight="35"/>
    <SubTexture name="CharCopsN0013" x="162" y="2" width="18" height="31" frameX="0" frameY="-2" frameWidth="18" frameHeight="35"/>
    <SubTexture name="CharCopsN0014" x="182" y="2" width="18" height="33" frameX="0" frameY="0" frameWidth="18" frameHeight="35"/>
    <SubTexture name="CharCopsN0015" x="162" y="2" width="18" height="31" frameX="0" frameY="-2" frameWidth="18" frameHeight="35"/>
    <SubTexture name="CharCopsN0016" x="202" y="2" width="18" height="33" frameX="0" frameY="0" frameWidth="18" frameHeight="35"/>
    <SubTexture name="CharCopsN0017" x="222" y="2" width="18" height="31" frameX="0" frameY="-2" frameWidth="18" frameHeight="35"/>
    <SubTexture name="CharCopsN0018" x="2" y="37" width="18" height="33" frameX="0" frameY="0" frameWidth="18" frameHeight="35"/>
    <SubTexture name="CharCopsN0019" x="22" y="37" width="18" height="31" frameX="0" frameY="-2" frameWidth="18" frameHeight="35"/>
    <SubTexture name="CharCopsN0020" x="42" y="37" width="18" height="31" frameX="0" frameY="-2" frameWidth="18" frameHeight="35"/>
    <SubTexture name="CharCopsN0021" x="102" y="2" width="18" height="31" frameX="0" frameY="-2" frameWidth="18" frameHeight="35"/>
    <SubTexture name="CharCopsN0022" x="62" y="37" width="18" height="31" frameX="0" frameY="-2" frameWidth="18" frameHeight="35"/>
    <SubTexture name="CharCopsN0023" x="82" y="37" width="18" height="33" frameX="0" frameY="0" frameWidth="18" frameHeight="35"/>
    <SubTexture name="CharCopsN0024" x="102" y="2" width="18" height="31" frameX="0" frameY="-2" frameWidth="18" frameHeight="35"/>
    <SubTexture name="CharCopsN0025" x="102" y="37" width="18" height="33" frameX="0" frameY="0" frameWidth="18" frameHeight="35"/>
    <SubTexture name="CharCopsN0026" x="122" y="37" width="18" height="31" frameX="0" frameY="-2" frameWidth="18" frameHeight="35"/>
    <SubTexture name="CharCopsN0027" x="142" y="37" width="18" height="19" frameX="0" frameY="-14" frameWidth="18" frameHeight="35"/>
    <SubTexture name="CharCopsN0028" x="162" y="37" width="18" height="23" frameX="0" frameY="-12" frameWidth="18" frameHeight="35"/>
    <SubTexture name="CharCopsS0001" x="182" y="37" width="19" height="31" frameX="0" frameY="-2" frameWidth="19" frameHeight="49"/>
    <SubTexture name="CharCopsS0002" x="203" y="37" width="19" height="31" frameX="0" frameY="-2" frameWidth="19" frameHeight="49"/>
    <SubTexture name="CharCopsS0003" x="182" y="37" width="19" height="31" frameX="0" frameY="-2" frameWidth="19" frameHeight="49"/>
    <SubTexture name="CharCopsS0004" x="203" y="37" width="19" height="31" frameX="0" frameY="-2" frameWidth="19" frameHeight="49"/>
    <SubTexture name="CharCopsS0005" x="182" y="37" width="19" height="31" frameX="0" frameY="-2" frameWidth="19" frameHeight="49"/>
    <SubTexture name="CharCopsS0006" x="224" y="37" width="19" height="33" frameX="0" frameY="0" frameWidth="19" frameHeight="49"/>
    <SubTexture name="CharCopsS0007" x="182" y="37" width="19" height="31" frameX="0" frameY="-2" frameWidth="19" frameHeight="49"/>
    <SubTexture name="CharCopsS0008" x="2" y="72" width="19" height="33" frameX="0" frameY="0" frameWidth="19" frameHeight="49"/>
    <SubTexture name="CharCopsS0009" x="23" y="72" width="19" height="31" frameX="0" frameY="-2" frameWidth="19" frameHeight="49"/>
    <SubTexture name="CharCopsS0010" x="44" y="72" width="19" height="33" frameX="0" frameY="0" frameWidth="19" frameHeight="49"/>
    <SubTexture name="CharCopsS0011" x="23" y="72" width="19" height="31" frameX="0" frameY="-2" frameWidth="19" frameHeight="49"/>
    <SubTexture name="CharCopsS0012" x="65" y="72" width="19" height="33" frameX="0" frameY="0" frameWidth="19" frameHeight="49"/>
    <SubTexture name="CharCopsS0013" x="86" y="72" width="19" height="31" frameX="0" frameY="-2" frameWidth="19" frameHeight="49"/>
    <SubTexture name="CharCopsS0014" x="107" y="72" width="19" height="33" frameX="0" frameY="0" frameWidth="19" frameHeight="49"/>
    <SubTexture name="CharCopsS0015" x="86" y="72" width="19" height="31" frameX="0" frameY="-2" frameWidth="19" frameHeight="49"/>
    <SubTexture name="CharCopsS0016" x="128" y="72" width="19" height="33" frameX="0" frameY="0" frameWidth="19" frameHeight="49"/>
    <SubTexture name="CharCopsS0017" x="149" y="72" width="19" height="31" frameX="0" frameY="-2" frameWidth="19" frameHeight="49"/>
    <SubTexture name="CharCopsS0018" x="170" y="72" width="19" height="33" frameX="0" frameY="0" frameWidth="19" frameHeight="49"/>
    <SubTexture name="CharCopsS0019" x="191" y="72" width="19" height="31" frameX="0" frameY="-2" frameWidth="19" frameHeight="49"/>
    <SubTexture name="CharCopsS0020" x="212" y="72" width="19" height="31" frameX="0" frameY="-2" frameWidth="19" frameHeight="49"/>
    <SubTexture name="CharCopsS0021" x="233" y="72" width="19" height="31" frameX="0" frameY="-2" frameWidth="19" frameHeight="49"/>
    <SubTexture name="CharCopsS0022" x="2" y="107" width="19" height="41" frameX="0" frameY="0" frameWidth="19" frameHeight="49"/>
    <SubTexture name="CharCopsS0023" x="23" y="107" width="19" height="47" frameX="0" frameY="-2" frameWidth="19" frameHeight="49"/>
    <SubTexture name="CharCopsS0024" x="233" y="72" width="19" height="31" frameX="0" frameY="-2" frameWidth="19" frameHeight="49"/>
    <SubTexture name="CharCopsS0025" x="44" y="107" width="19" height="33" frameX="0" frameY="0" frameWidth="19" frameHeight="49"/>
    <SubTexture name="CharCopsS0026" x="65" y="107" width="19" height="31" frameX="0" frameY="-2" frameWidth="19" frameHeight="49"/>
    <SubTexture name="CharCopsS0027" x="86" y="107" width="19" height="19" frameX="0" frameY="-14" frameWidth="19" frameHeight="49"/>
    <SubTexture name="CharCopsS0028" x="107" y="107" width="19" height="23" frameX="0" frameY="-12" frameWidth="19" frameHeight="49"/>
    <SubTexture name="CharCopsW0001" x="128" y="107" width="19" height="32" frameX="-20" frameY="-1" frameWidth="45" frameHeight="34"/>
    <SubTexture name="CharCopsW0002" x="149" y="107" width="19" height="30" frameX="-20" frameY="-3" frameWidth="45" frameHeight="34"/>
    <SubTexture name="CharCopsW0003" x="128" y="107" width="19" height="32" frameX="-20" frameY="-1" frameWidth="45" frameHeight="34"/>
    <SubTexture name="CharCopsW0004" x="149" y="107" width="19" height="30" frameX="-20" frameY="-3" frameWidth="45" frameHeight="34"/>
    <SubTexture name="CharCopsW0005" x="128" y="107" width="19" height="32" frameX="-20" frameY="-1" frameWidth="45" frameHeight="34"/>
    <SubTexture name="CharCopsW0006" x="170" y="107" width="19" height="34" frameX="-20" frameY="0" frameWidth="45" frameHeight="34"/>
    <SubTexture name="CharCopsW0007" x="128" y="107" width="19" height="32" frameX="-20" frameY="-1" frameWidth="45" frameHeight="34"/>
    <SubTexture name="CharCopsW0008" x="191" y="107" width="19" height="34" frameX="-20" frameY="0" frameWidth="45" frameHeight="34"/>
    <SubTexture name="CharCopsW0009" x="212" y="107" width="19" height="32" frameX="-20" frameY="-1" frameWidth="45" frameHeight="34"/>
    <SubTexture name="CharCopsW0010" x="233" y="107" width="19" height="34" frameX="-20" frameY="0" frameWidth="45" frameHeight="34"/>
    <SubTexture name="CharCopsW0011" x="212" y="107" width="19" height="32" frameX="-20" frameY="-1" frameWidth="45" frameHeight="34"/>
    <SubTexture name="CharCopsW0012" x="2" y="156" width="19" height="34" frameX="-20" frameY="0" frameWidth="45" frameHeight="34"/>
    <SubTexture name="CharCopsW0013" x="23" y="156" width="19" height="32" frameX="-20" frameY="-1" frameWidth="45" frameHeight="34"/>
    <SubTexture name="CharCopsW0014" x="44" y="156" width="19" height="34" frameX="-20" frameY="0" frameWidth="45" frameHeight="34"/>
    <SubTexture name="CharCopsW0015" x="23" y="156" width="19" height="32" frameX="-20" frameY="-1" frameWidth="45" frameHeight="34"/>
    <SubTexture name="CharCopsW0016" x="65" y="156" width="19" height="34" frameX="-20" frameY="0" frameWidth="45" frameHeight="34"/>
    <SubTexture name="CharCopsW0017" x="86" y="156" width="19" height="32" frameX="-21" frameY="-1" frameWidth="45" frameHeight="34"/>
    <SubTexture name="CharCopsW0018" x="107" y="156" width="19" height="34" frameX="-19" frameY="0" frameWidth="45" frameHeight="34"/>
    <SubTexture name="CharCopsW0019" x="128" y="156" width="19" height="32" frameX="-19" frameY="-1" frameWidth="45" frameHeight="34"/>
    <SubTexture name="CharCopsW0020" x="149" y="156" width="19" height="30" frameX="-20" frameY="-3" frameWidth="45" frameHeight="34"/>
    <SubTexture name="CharCopsW0021" x="170" y="156" width="19" height="32" frameX="-20" frameY="-1" frameWidth="45" frameHeight="34"/>
    <SubTexture name="CharCopsW0022" x="191" y="156" width="33" height="32" frameX="-8" frameY="-1" frameWidth="45" frameHeight="34"/>
    <SubTexture name="CharCopsW0023" x="2" y="192" width="39" height="32" frameX="0" frameY="-1" frameWidth="45" frameHeight="34"/>
    <SubTexture name="CharCopsW0024" x="170" y="156" width="19" height="32" frameX="-20" frameY="-1" frameWidth="45" frameHeight="34"/>
    <SubTexture name="CharCopsW0025" x="43" y="192" width="19" height="34" frameX="-23" frameY="0" frameWidth="45" frameHeight="34"/>
    <SubTexture name="CharCopsW0026" x="64" y="192" width="19" height="32" frameX="-20" frameY="-1" frameWidth="45" frameHeight="34"/>
    <SubTexture name="CharCopsW0027" x="85" y="192" width="21" height="22" frameX="-20" frameY="-11" frameWidth="45" frameHeight="34"/>
    <SubTexture name="CharCopsW0028" x="108" y="192" width="25" height="18" frameX="-20" frameY="-16" frameWidth="45" frameHeight="34"/>
</TextureAtlas>
